distance_miles,raw_elevation_m,smoothed_elevation_m,relative_elevation_ft,valid
0.0,2385.385,2385.385,0.0,1
0.018626,2389.297,2389.972,15.05,1
0.037251,2393.277,2393.051,25.15,1
0.055877,2396.58,2396.302,35.82,1
0.074502,2399.047,2399.157,45.19,1
0.093128,2401.844,2402.911,57.5,1
0.111753,2407.842,2408.048,74.35,1
0.130379,2414.457,2413.785,93.18,1
0.149004,2419.055,2418.351,108.16,1
0.16763,2421.541,2421.116,117.23,1
0.186255,2422.751,2424.117,127.07,1
0.204881,2428.059,2427.867,139.38,1
0.223506,2432.791,2433.32,157.27,1
0.242132,2439.111,2437.858,172.16,1
0.260757,2444.236,2444.236,193.08,1
