distance_m,easting_m,northing_m,elevation_NAVD88_m
0.000000000000000000e+00,6.176105000000000000e+05,5.340734500000000000e+06,2.119782465466535086e+03
2.517316250487108831e-01,6.176105000000000000e+05,5.340734248268375173e+06,2.119230334102748202e+03
5.034632500974217661e-01,6.176105000000000000e+05,5.340733996536750346e+06,2.118678202738961772e+03
7.551948751461325937e-01,6.176105000000000000e+05,5.340733744805124588e+06,2.118126071373132163e+03
1.006926500194843532e+00,6.176105000000000000e+05,5.340733493073499762e+06,2.117590124931569335e+03
1.258658125243554471e+00,6.176105000000000000e+05,5.340733241341874935e+06,2.117626206464461575e+03
1.510389750292265187e+00,6.176105000000000000e+05,5.340732989610250108e+06,2.117662287997352905e+03
1.762121375340976126e+00,6.176105000000000000e+05,5.340732737878624350e+06,2.117698369530378386e+03
2.013853000389687065e+00,6.176105000000000000e+05,5.340732486146999523e+06,2.117729589319769730e+03
2.265584625438398003e+00,6.176105000000000000e+05,5.340732234415374696e+06,2.117677325039567222e+03
2.517316250487108942e+00,6.176105000000000000e+05,5.340731982683749869e+06,2.117625060759365624e+03
2.769047875535819880e+00,6.176105000000000000e+05,5.340731730952124111e+06,2.117572796478969849e+03
3.020779500584530375e+00,6.176105000000000000e+05,5.340731479220499285e+06,2.117524846418916241e+03
3.272511125633241313e+00,6.176105000000000000e+05,5.340731227488874458e+06,2.117524846418916241e+03
3.524242750681952252e+00,6.176105000000000000e+05,5.340730975757249631e+06,2.117524846418916241e+03
3.775974375730663191e+00,6.176105000000000000e+05,5.340730724025623873e+06,2.117524846418916241e+03
4.027706000779374129e+00,6.176105000000000000e+05,5.340730472293999046e+06,2.117508064498338172e+03
4.279437625828085068e+00,6.176105000000000000e+05,5.340730220562374219e+06,2.117355587057014873e+03
4.531169250876796006e+00,6.176105000000000000e+05,5.340729968830749393e+06,2.117203109615691119e+03
4.782900875925506945e+00,6.176105000000000000e+05,5.340729717099123634e+06,2.117050632173803479e+03
5.034632500974217884e+00,6.176105000000000000e+05,5.340729465367498808e+06,2.116902162207617494e+03
5.286364126022928822e+00,6.176105000000000000e+05,5.340729213635873981e+06,2.116778813711452585e+03
5.538095751071639761e+00,6.176105000000000000e+05,5.340728961904249154e+06,2.116655465215287222e+03
5.789827376120350699e+00,6.176105000000000000e+05,5.340728710172624327e+06,2.116532116719122314e+03
6.041559001169060750e+00,6.176105000000000000e+05,5.340728458440998569e+06,2.116429132133202074e+03
6.293290626217771688e+00,6.176105000000000000e+05,5.340728206709373742e+06,2.116429132133202074e+03
6.545022251266482627e+00,6.176105000000000000e+05,5.340727954977748916e+06,2.116429132133202074e+03
6.796753876315193565e+00,6.176105000000000000e+05,5.340727703246124089e+06,2.116429132133202074e+03
7.048485501363904504e+00,6.176105000000000000e+05,5.340727451514498331e+06,2.116401495397250528e+03
7.300217126412615443e+00,6.176105000000000000e+05,5.340727199782873504e+06,2.116258008371099095e+03
7.551948751461326381e+00,6.176105000000000000e+05,5.340726948051248677e+06,2.116114521344948116e+03
7.803680376510037320e+00,6.176105000000000000e+05,5.340726696319623850e+06,2.115971034318796683e+03
8.055412001558748258e+00,6.176105000000000000e+05,5.340726444587998092e+06,2.115838214102481743e+03
8.307143626607459197e+00,6.176105000000000000e+05,5.340726192856373265e+06,2.115743185414109576e+03
8.558875251656170136e+00,6.176105000000000000e+05,5.340725941124748439e+06,2.115648156725737863e+03
8.810606876704881074e+00,6.176105000000000000e+05,5.340725689393123612e+06,2.115553128037365695e+03
9.062338501753592013e+00,6.176105000000000000e+05,5.340725437661497854e+06,2.115473995666689461e+03
9.314070126802302951e+00,6.176105000000000000e+05,5.340725185929873027e+06,2.115443158542648234e+03
9.565801751851013890e+00,6.176105000000000000e+05,5.340724934198248200e+06,2.115412321418606552e+03
9.817533376899724828e+00,6.176105000000000000e+05,5.340724682466623373e+06,2.115381484294565325e+03
1.006926500194843577e+01,6.176105000000000000e+05,5.340724430734997615e+06,2.115370511383593566e+03
1.032099662699714671e+01,6.176105000000000000e+05,5.340724179003372788e+06,2.115411867293386877e+03
1.057272825204585764e+01,6.176105000000000000e+05,5.340723927271747962e+06,2.115453223203179732e+03
1.082445987709456858e+01,6.176105000000000000e+05,5.340723675540123135e+06,2.115494579112972588e+03
1.107619150214327952e+01,6.176105000000000000e+05,5.340723423808498308e+06,2.115547472593021666e+03
1.132792312719199046e+01,6.176105000000000000e+05,5.340723172076872550e+06,2.115626947863439455e+03
1.157965475224070140e+01,6.176105000000000000e+05,5.340722920345247723e+06,2.115706423133563476e+03
1.183138637728941234e+01,6.176105000000000000e+05,5.340722668613622896e+06,2.115785898403687497e+03
1.208311800233812150e+01,6.176105000000000000e+05,5.340722416881998070e+06,2.115839132133201929e+03
1.233484962738683244e+01,6.176105000000000000e+05,5.340722165150372311e+06,2.115839132133201929e+03
1.258658125243554338e+01,6.176105000000000000e+05,5.340721913418747485e+06,2.115839132133201929e+03
1.283831287748425432e+01,6.176105000000000000e+05,5.340721661687122658e+06,2.115839132133201929e+03
1.309004450253296525e+01,6.176105000000000000e+05,5.340721409955497831e+06,2.115829452349218627e+03
1.334177612758167619e+01,6.176105000000000000e+05,5.340721158223872073e+06,2.115802391199449630e+03
1.359350775263038713e+01,6.176105000000000000e+05,5.340720906492247246e+06,2.115775330049780678e+03
1.384523937767909807e+01,6.176105000000000000e+05,5.340720654760622419e+06,2.115748268900112180e+03
1.409697100272780901e+01,6.176105000000000000e+05,5.340720403028997593e+06,2.115709409611817136e+03
1.434870262777651995e+01,6.176105000000000000e+05,5.340720151297371835e+06,2.115651721114247266e+03
1.460043425282523089e+01,6.176105000000000000e+05,5.340719899565747008e+06,2.115594032616891127e+03
1.485216587787394182e+01,6.176105000000000000e+05,5.340719647834122181e+06,2.115536344119534988e+03
1.510389750292265276e+01,6.176105000000000000e+05,5.340719396102497354e+06,2.115479261690944440e+03
1.535562912797136370e+01,6.176105000000000000e+05,5.340719144370871596e+06,2.115423041627858765e+03
1.560736075302007464e+01,6.176105000000000000e+05,5.340718892639246769e+06,2.115366821564980455e+03
1.585909237806878558e+01,6.176105000000000000e+05,5.340718640907621942e+06,2.115310601502102600e+03
1.611082400311749652e+01,6.176105000000000000e+05,5.340718389175997116e+06,2.114966830093073895e+03
1.636255562816620568e+01,6.176105000000000000e+05,5.340718137444372289e+06,2.114257450374312157e+03
1.661428725321491839e+01,6.176105000000000000e+05,5.340717885712746531e+06,2.113548070652926071e+03
1.686601887826362756e+01,6.176105000000000000e+05,5.340717633981121704e+06,2.112838690934164333e+03
1.711775050331234027e+01,6.176105000000000000e+05,5.340717382249496877e+06,2.112367402732716528e+03
1.736948212836104943e+01,6.176105000000000000e+05,5.340717130517872050e+06,2.112167024359354400e+03
1.762121375340976215e+01,6.176105000000000000e+05,5.340716878786246292e+06,2.111966645985250580e+03
1.787294537845847131e+01,6.176105000000000000e+05,5.340716627054621466e+06,2.111766267611888452e+03
1.812467700350718403e+01,6.176105000000000000e+05,5.340716375322996639e+06,2.111647760470733374e+03
1.837640862855589319e+01,6.176105000000000000e+05,5.340716123591371812e+06,2.111612685864341074e+03
1.862814025360460590e+01,6.176105000000000000e+05,5.340715871859746054e+06,2.111577611257818717e+03
1.887987187865331506e+01,6.176105000000000000e+05,5.340715620128121227e+06,2.111542536651425962e+03
1.913160350370202778e+01,6.176105258095705649e+05,5.340715370952147059e+06,2.111561380455342260e+03
1.938333512875073694e+01,6.176105751782038715e+05,5.340715124108980410e+06,2.111653689273963664e+03
1.963506675379944966e+01,6.176106245468372945e+05,5.340714877265813760e+06,2.111777844982082570e+03
1.988679837884815882e+01,6.176106739154707175e+05,5.340714630422646180e+06,2.111933847580512065e+03
2.013853000389687153e+01,6.176107232841041405e+05,5.340714383579479530e+06,2.112099775821777257e+03
2.039026162894558070e+01,6.176107726527374471e+05,5.340714136736312881e+06,2.112248017345209519e+03
2.064199325399429341e+01,6.176108220213708701e+05,5.340713889893145300e+06,2.112394162823911302e+03
2.089372487904300257e+01,6.176108713900042931e+05,5.340713643049978651e+06,2.112538212256764837e+03
2.114545650409171529e+01,6.176109207586377161e+05,5.340713396206812002e+06,2.112618946890358529e+03
2.139718812914042445e+01,6.176109701272711391e+05,5.340713149363644421e+06,2.112614701187883838e+03
2.164891975418913717e+01,6.176110194959044456e+05,5.340712902520477772e+06,2.112610455485419607e+03
2.190065137923784633e+01,6.176110688645378686e+05,5.340712655677310191e+06,2.112606209782945371e+03
2.215238300428655904e+01,6.176111182331712916e+05,5.340712408834143542e+06,2.112702006198350318e+03
2.240411462933526821e+01,6.176111676018047146e+05,5.340712161990976892e+06,2.112998256773056710e+03
2.265584625438398092e+01,6.176112169704380212e+05,5.340711915147809312e+06,2.113337768748652707e+03
2.290757787943269008e+01,6.176112663390714442e+05,5.340711668304642662e+06,2.113720542123021005e+03
2.315930950448140280e+01,6.176113157077048672e+05,5.340711421461476013e+06,2.114067658050523278e+03
2.341104112953011196e+01,6.176113650763382902e+05,5.340711174618308432e+06,2.114221785729602743e+03
2.366277275457882467e+01,6.176114144449717132e+05,5.340710927775141783e+06,2.114317321630716833e+03
2.391450437962753384e+01,6.176114638136050198e+05,5.340710680931975134e+06,2.114354265754309381e+03
2.416623600467624300e+01,6.176115131822384428e+05,5.340710434088807553e+06,nan
2.441796762972495571e+01,6.176115625508718658e+05,5.340710187245640904e+06,nan
2.466969925477366488e+01,6.176116119195052888e+05,5.340709940402474254e+06,nan
2.492143087982237759e+01,6.176116612881385954e+05,5.340709693559306674e+06,nan
2.517316250487108675e+01,6.176117106567720184e+05,5.340709446716140024e+06,nan
2.542489412991979947e+01,6.176117600254054414e+05,5.340709199872972444e+06,nan
2.567662575496850863e+01,6.176118093940388644e+05,5.340708953029805794e+06,nan
2.592835738001722135e+01,6.176118587626721710e+05,5.340708706186639145e+06,nan
2.618008900506593051e+01,6.176119081313055940e+05,5.340708459343471564e+06,nan
2.643182063011464322e+01,6.176119574999390170e+05,5.340708212500304915e+06,nan
2.668355225516335238e+01,6.176120068685724400e+05,5.340707965657138266e+06,nan
2.693528388021206510e+01,6.176120562372058630e+05,5.340707718813970685e+06,nan
2.718701550526077426e+01,6.176121056058391696e+05,5.340707471970804036e+06,nan
2.743874713030948698e+01,6.176121549744725926e+05,5.340707225127637386e+06,nan
2.769047875535819614e+01,6.176122043431060156e+05,5.340706978284469806e+06,nan
2.794221038040690885e+01,6.176122537117394386e+05,5.340706731441303156e+06,nan
2.819394200545561802e+01,6.176123030803727452e+05,5.340706484598135576e+06,2.118859936864806059e+03
2.844567363050433073e+01,6.176123524490061682e+05,5.340706237754968926e+06,2.118900278823982717e+03
2.869740525555303989e+01,6.176124018176395912e+05,5.340705990911802277e+06,2.118931944130576539e+03
2.894913688060175261e+01,6.176124511862730142e+05,5.340705744068634696e+06,2.118954932784603443e+03
2.920086850565046177e+01,6.176125003344807774e+05,5.340705497190360911e+06,2.118971351619647066e+03
2.945260013069917449e+01,6.176125300924036419e+05,5.340705247223809361e+06,2.119167785749240920e+03
2.970433175574788365e+01,6.176125598503265064e+05,5.340704997257256880e+06,2.119362186693565491e+03
2.995606338079659636e+01,6.176125896082493709e+05,5.340704747290705331e+06,2.119554554451159220e+03
3.020779500584530552e+01,6.176126193661722355e+05,5.340704497324153781e+06,2.119746122036717225e+03
3.045952663089401824e+01,6.176126491240951000e+05,5.340704247357601300e+06,2.120044932757756214e+03
3.071125825594272740e+01,6.176126788820179645e+05,5.340703997391049750e+06,2.120332461774849889e+03
3.096298988099144012e+01,6.176127086399407126e+05,5.340703747424497269e+06,2.120608709090317006e+03
3.121472150604014928e+01,6.176127383978635771e+05,5.340703497457945719e+06,2.120872678640996583e+03
3.146645313108886199e+01,6.176127681557864416e+05,5.340703247491394170e+06,2.121038193642157694e+03
3.171818475613757116e+01,6.176127979137093062e+05,5.340702997524841689e+06,2.121211782588586630e+03
3.196991638118628387e+01,6.176128276716321707e+05,5.340702747558290139e+06,2.121393445478837293e+03
3.222164800623499303e+01,6.176128574295550352e+05,5.340702497591737658e+06,2.121582503837550576e+03
3.247337963128370575e+01,6.176128871874777833e+05,5.340702247625186108e+06,2.121708531790274264e+03
3.272511125633241136e+01,6.176129169454006478e+05,5.340701997658634558e+06,2.121839939538939689e+03
3.297684288138112407e+01,6.176129467033235123e+05,5.340701747692082077e+06,2.121976727084116646e+03
3.322857450642983679e+01,6.176129764612463769e+05,5.340701497725530528e+06,2.122118992708215956e+03
3.348030613147854950e+01,6.176130062191692414e+05,5.340701247758978046e+06,2.122274438020301204e+03
3.373203775652725511e+01,6.176130359770921059e+05,5.340700997792426497e+06,2.122429508928044925e+03
3.398376938157596783e+01,6.176130657350149704e+05,5.340700747825874947e+06,2.122584205432025556e+03
3.423550100662468054e+01,6.176130954929377185e+05,5.340700497859322466e+06,2.122739661795221309e+03
3.448723263167339326e+01,6.176131252508605830e+05,5.340700247892770916e+06,2.123028285268939271e+03
3.473896425672209887e+01,6.176131550087834476e+05,5.340699997926218435e+06,2.123320952800281702e+03
3.499069588177081158e+01,6.176131847667063121e+05,5.340699747959666885e+06,2.123617664387088553e+03
3.524242750681952430e+01,6.176132145246291766e+05,5.340699497993115336e+06,2.123917623034298231e+03
3.549415913186823701e+01,6.176132442825520411e+05,5.340699248026562855e+06,2.124120823438194293e+03
3.574589075691694262e+01,6.176132740404749056e+05,5.340698998060011305e+06,2.124323445356075808e+03
3.599762238196565534e+01,6.176133037983976537e+05,5.340698748093459755e+06,2.124525488788646726e+03
3.624935400701436805e+01,6.176133335563205183e+05,5.340698498126907274e+06,2.124727059797345191e+03
3.650108563206308077e+01,6.176133633142433828e+05,5.340698248160355724e+06,2.124941216636293575e+03
3.675281725711178638e+01,6.176133930721662473e+05,5.340697998193803243e+06,2.125153041034024682e+03
3.700454888216049909e+01,6.176134228300891118e+05,5.340697748227251694e+06,2.125362532988995554e+03
3.725628050720921181e+01,6.176134525880119763e+05,5.340697498260700144e+06,2.125570141111189059e+03
3.750801213225792452e+01,6.176134823459348409e+05,5.340697248294147663e+06,2.125842059374061137e+03
3.775974375730663013e+01,6.176135121038575890e+05,5.340696998327596113e+06,2.126111576126269028e+03
3.801147538235534284e+01,6.176135418617804535e+05,5.340696748361043632e+06,2.126378435924353653e+03
3.826320700740405556e+01,6.176135716197033180e+05,5.340696498394492082e+06,2.126650997176417150e+03
3.851493863245276827e+01,6.176136013776261825e+05,5.340696248427940533e+06,2.126889580224019483e+03
3.876667025750147388e+01,6.176136311355490470e+05,5.340695998461388052e+06,2.127128374601797077e+03
3.901840188255018660e+01,6.176136608934719115e+05,5.340695748494836502e+06,2.127367380307952772e+03
3.927013350759889931e+01,6.176136906513947761e+05,5.340695498528284021e+06,2.127606208602806873e+03
3.952186513264761203e+01,6.176137204093175242e+05,5.340695248561732471e+06,2.127781624760495561e+03
3.977359675769631764e+01,6.176137501672403887e+05,5.340694998595180921e+06,2.127961257403661875e+03
4.002532838274503035e+01,6.176137799251632532e+05,5.340694748628628440e+06,2.128145106532991122e+03
4.027706000779374307e+01,6.176138096830861177e+05,5.340694498662076890e+06,2.128333161769969593e+03
4.052879163284244868e+01,6.176138394410089822e+05,5.340694248695524409e+06,2.128520786444816622e+03
4.078052325789116139e+01,6.176138691989318468e+05,5.340693998728972860e+06,2.128707219270764654e+03
4.103225488293987411e+01,6.176138989568545949e+05,5.340693748762421310e+06,2.128892460248471252e+03
4.128398650798858682e+01,6.176139287147774594e+05,5.340693498795868829e+06,2.129076101698458842e+03
4.153571813303729243e+01,6.176139584727003239e+05,5.340693248829317279e+06,2.129173326256157452e+03
4.178744975808600515e+01,6.176139882306231884e+05,5.340692998862764798e+06,2.129267364437559991e+03
4.203918138313471786e+01,6.176140179885460529e+05,5.340692748896213248e+06,2.129358216241977061e+03
4.229091300818343058e+01,6.176140477464689175e+05,5.340692498929661699e+06,2.129445341771531730e+03
4.254264463323213619e+01,6.176140775043917820e+05,5.340692248963109218e+06,2.129408565295532753e+03
4.279437625828084890e+01,6.176141072623145301e+05,5.340691998996557668e+06,2.129378225588990063e+03
4.304610788332956162e+01,6.176141370202373946e+05,5.340691749030005187e+06,2.129354322651677649e+03
4.329783950837827433e+01,6.176141667781602591e+05,5.340691499063453637e+06,2.129337718371736173e+03
4.354957113342697994e+01,6.176141965360831236e+05,5.340691249096902087e+06,2.129557626386355878e+03
4.380130275847569266e+01,6.176142262940059882e+05,5.340690999130349606e+06,2.129785759241296546e+03
4.405303438352440537e+01,6.176142560519288527e+05,5.340690749163798057e+06,2.130022116934984297e+03
4.430476600857311809e+01,6.176142858098517172e+05,5.340690499197245575e+06,2.130266265140896394e+03
4.455649763362182370e+01,6.176143155677744653e+05,5.340690249230694026e+06,2.130377477946006366e+03
4.480822925867053641e+01,6.176143453256973298e+05,5.340689999264142476e+06,2.130484254580239394e+03
4.505996088371924913e+01,6.176143750836201943e+05,5.340689749297589995e+06,2.130586595043786474e+03
4.531169250876796184e+01,6.176144048415430589e+05,5.340689499331038445e+06,2.130684196431750934e+03
4.556342413381666745e+01,6.176144345994659234e+05,5.340689249364486896e+06,2.130664307649546572e+03
4.581515575886538016e+01,6.176144643573887879e+05,5.340688999397934414e+06,2.130639638400600234e+03
4.606688738391409288e+01,6.176144941153116524e+05,5.340688749431382865e+06,2.130610188685205230e+03
4.631861900896280559e+01,6.176145238732344005e+05,5.340688499464830384e+06,2.130569209348949244e+03
4.657035063401151120e+01,6.176145536311572650e+05,5.340688249498278834e+06,2.130591000015079771e+03
4.682208225906022392e+01,6.176145833890801296e+05,5.340687999531727284e+06,2.130584301282282468e+03
4.707381388410893663e+01,6.176146131470029941e+05,5.340687749565174803e+06,2.130549113150532776e+03
4.732554550915764935e+01,6.176146429049258586e+05,5.340687499598623253e+06,2.130485849971424614e+03
4.757727713420635496e+01,6.176146726628487231e+05,5.340687249632070772e+06,2.130680265124513880e+03
4.782900875925506767e+01,6.176147024207714712e+05,5.340686999665519223e+06,2.130903169675759273e+03
4.808074038430378039e+01,6.176147321786943357e+05,5.340686749698967673e+06,2.131154563625765149e+03
4.833247200935248600e+01,6.176147619366172003e+05,5.340686499732415192e+06,2.131434131654391877e+03
4.858420363440119871e+01,6.176147916945400648e+05,5.340686249765863642e+06,2.131432828028297990e+03
4.883593525944991143e+01,6.176148214524629293e+05,5.340685999799311161e+06,2.131429813550563267e+03
4.908766688449862414e+01,6.176148512103857938e+05,5.340685749832759611e+06,2.131425088221199985e+03
4.933939850954732975e+01,6.176148809683086583e+05,5.340685499866208062e+06,2.131418643311565120e+03
4.959113013459604247e+01,6.176149107262314064e+05,5.340685249899655581e+06,2.131393109202201231e+03
4.984286175964475518e+01,6.176149404841542710e+05,5.340684999933104031e+06,2.131363707080511631e+03
5.009459338469346790e+01,6.176149702420771355e+05,5.340684749966551550e+06,2.131330436946338978e+03
5.034632500974217351e+01,6.176150000000000000e+05,5.340684500000000000e+06,2.131293298799868808e+03
